name;Label;obj_posID;fruit_camera_d_mm;Fr_Cam_d_med_mm;Fr_Cam_d_mean_mm;pix_mm;real_x_distance_mm;real_y_distance_mm;real_z_distance_mm
Apple_2d_big_Black_img_2.png.;Apple;1;1494;1472;1473;1.049615;-499;-37;1854
Apple_2d_big_Black_img_2.png.;Apple;2;1465;1478;1483;1.053894;1;-66;1860
Apple_2d_big_Black_img_2.png.;Apple;3;1475;1472;1473;1.049615;488;-56;1838
Apple_2d_big_Black_img_2.png.;Apple;4;1488;1478;1475;1.053894;-502;-43;1553
Apple_2d_big_Black_img_2.png.;Apple;5;1481;1488;1491;1.061024;-5;-50;1573
Apple_2d_big_Black_img_2.png.;Apple;6;1450;1475;1476;1.051755;491;-81;1550
Apple_2d_big_Black_img_2.png.;Apple;7;1484;1484;1490;1.058172;-501;-47;1264
Apple_2d_big_Black_img_2.png.;Apple;8;1481;1511;1513;1.077425;0;-50;1298
Apple_2d_big_Black_img_2.png.;Apple;9;1514;1501;1501;1.070294;496;-17;1266
Apple_2d_big_Black_img_2.png.;Apple;10;1456;1481;1484;1.056033;-500;-75;955
Apple_2d_big_Black_img_2.png.;Apple;11;1468;1488;1497;1.061024;0;-63;951
Apple_2d_big_Black_img_2.png.;Apple;12;1478;1488;1492;1.061024;485;-53;964
Apple_2d_big_Black_img_2.png.;Apple;13;1491;1504;1507;1.072433;-509;-40;654
Apple_2d_big_Black_img_2.png.;Apple;14;1501;1511;1517;1.077425;-6;-30;671
Apple_2d_big_Black_img_2.png.;Apple;15;1484;1501;1504;1.070294;492;-47;669
Apple_2d_big_Black_img_3.png.;Apple;1;1437;1468;1471;1.046763;-497;-80;1847
Apple_2d_big_Black_img_3.png.;Apple;2;1447;1481;1485;1.056033;-1;-70;1862
Apple_2d_big_Black_img_3.png.;Apple;3;1437;1468;1469;1.046763;486;-80;1831
Apple_2d_big_Black_img_3.png.;Apple;4;1504;1484;1482;1.058172;-504;-13;1558
Apple_2d_big_Black_img_3.png.;Apple;5;1475;1488;1491;1.061024;-4;-42;1571
Apple_2d_big_Black_img_3.png.;Apple;6;1450;1472;1475;1.049615;490;-67;1545
Apple_2d_big_Black_img_3.png.;Apple;7;1484;1491;1493;1.063163;-503;-33;1266
Apple_2d_big_Black_img_3.png.;Apple;8;1472;1501;1505;1.070294;-1;-45;1289
Apple_2d_big_Black_img_3.png.;Apple;9;1497;1497;1497;1.067442;493;-20;1262
Apple_2d_big_Black_img_3.png.;Apple;10;1453;1478;1481;1.053894;-497;-64;952
Apple_2d_big_Black_img_3.png.;Apple;11;1497;1501;1510;1.070294;-2;-20;961
Apple_2d_big_Black_img_3.png.;Apple;12;1472;1481;1487;1.056033;483;-45;961
Apple_2d_big_Black_img_3.png.;Apple;13;1494;1504;1509;1.072433;-508;-23;652
Apple_2d_big_Black_img_3.png.;Apple;14;1497;1514;1520;1.079564;-8;-20;673
Apple_2d_big_Black_img_3.png.;Apple;15;1478;1501;1502;1.070294;492;-39;668
Apple_2d_big_Black_img_4.png.;Apple;1;1504;1478;1477;1.053894;-501;-31;1862
Apple_2d_big_Black_img_4.png.;Apple;2;1440;1472;1475;1.049615;0;-95;1855
Apple_2d_big_Black_img_4.png.;Apple;3;1475;1472;1471;1.049615;488;-60;1839
Apple_2d_big_Black_img_4.png.;Apple;4;1484;1478;1477;1.053894;-501;-51;1556
Apple_2d_big_Black_img_4.png.;Apple;5;1468;1481;1484;1.056033;-2;-67;1568
Apple_2d_big_Black_img_4.png.;Apple;6;1444;1468;1470;1.046763;489;-91;1546
Apple_2d_big_Black_img_4.png.;Apple;7;1484;1488;1480;1.061024;-502;-51;1268
Apple_2d_big_Black_img_4.png.;Apple;8;1484;1507;1508;1.074572;-1;-51;1297
Apple_2d_big_Black_img_4.png.;Apple;9;1504;1501;1500;1.070294;496;-31;1268
Apple_2d_big_Black_img_4.png.;Apple;10;1456;1478;1481;1.053894;-497;-79;956
Apple_2d_big_Black_img_4.png.;Apple;11;1494;1504;1516;1.072433;-1;-41;964
Apple_2d_big_Black_img_4.png.;Apple;12;1488;1494;1498;1.065303;487;-47;971
Apple_2d_big_Black_img_4.png.;Apple;13;1494;1504;1506;1.072433;-509;-41;655
Apple_2d_big_Black_img_4.png.;Apple;14;1491;1514;1520;1.079564;-6;-44;676
Apple_2d_big_Black_img_4.png.;Apple;15;1478;1501;1502;1.070294;493;-57;671
Apple_2d_big_Leaves_img_2.png.;Apple;1;1453;1465;1470;1.044624;-498;-89;1855
Apple_2d_big_Leaves_img_2.png.;Apple;2;1484;1475;1476;1.051755;1;-58;1859
Apple_2d_big_Leaves_img_2.png.;Apple;3;1437;1462;1465;1.042485;483;-105;1822
Apple_2d_big_Leaves_img_2.png.;Apple;4;1468;1488;1489;1.061024;-503;-74;1565
Apple_2d_big_Leaves_img_2.png.;Apple;5;1478;1488;1488;1.061024;-1;-64;1579
Apple_2d_big_Leaves_img_2.png.;Apple;6;1465;1462;1466;1.042485;483;-77;1541
Apple_2d_big_Leaves_img_2.png.;Apple;7;1478;1511;1519;1.077425;-509;-64;1287
Apple_2d_big_Leaves_img_2.png.;Apple;8;1456;1497;1499;1.067442;-2;-86;1289
Apple_2d_big_Leaves_img_2.png.;Apple;9;1481;1494;1502;1.065303;491;-61;1264
Apple_2d_big_Leaves_img_2.png.;Apple;10;1453;1501;1506;1.070294;-504;-89;969
Apple_2d_big_Leaves_img_2.png.;Apple;11;1501;1497;1500;1.067442;-1;-41;961
Apple_2d_big_Leaves_img_2.png.;Apple;12;1472;1491;1496;1.063163;485;-70;968
Apple_2d_big_Leaves_img_2.png.;Apple;13;1488;1507;1510;1.074572;-508;-54;657
Apple_2d_big_Leaves_img_2.png.;Apple;14;1488;1507;1510;1.074572;-6;-54;673
Apple_2d_big_Leaves_img_2.png.;Apple;15;1491;1494;1499;1.065303;491;-51;669
Apple_2d_big_Leaves_img_3.png.;Apple;1;1450;1462;1469;1.042485;-495;-67;1849
Apple_2d_big_Leaves_img_3.png.;Apple;2;1456;1472;1473;1.049615;-1;-61;1854
Apple_2d_big_Leaves_img_3.png.;Apple;3;1437;1459;1462;1.040346;482;-80;1819
Apple_2d_big_Leaves_img_3.png.;Apple;4;1481;1484;1486;1.058172;-504;-36;1560
Apple_2d_big_Leaves_img_3.png.;Apple;6;1459;1459;1462;1.040346;481;-58;1536
Apple_2d_big_Leaves_img_3.png.;Apple;5;1459;1481;1484;1.056033;-1;-58;1570
Apple_2d_big_Leaves_img_3.png.;Apple;7;1475;1501;1511;1.070294;-505;-42;1276
Apple_2d_big_Leaves_img_3.png.;Apple;8;1497;1497;1501;1.067442;0;-20;1286
Apple_2d_big_Leaves_img_3.png.;Apple;9;1488;1497;1506;1.067442;492;-29;1263
Apple_2d_big_Leaves_img_3.png.;Apple;10;1488;1501;1504;1.070294;-506;-29;966
Apple_2d_big_Leaves_img_3.png.;Apple;11;1478;1494;1498;1.065303;-1;-39;958
Apple_2d_big_Leaves_img_3.png.;Apple;12;1472;1491;1496;1.063163;485;-45;967
Apple_2d_big_Leaves_img_3.png.;Apple;13;1497;1504;1507;1.072433;-507;-20;654
Apple_2d_big_Leaves_img_3.png.;Apple;14;1504;1504;1507;1.072433;-5;-13;669
Apple_2d_big_Leaves_img_3.png.;Apple;15;1478;1494;1496;1.065303;491;-39;668
Apple_2d_big_Leaves_img_4.png.;Apple;1;1456;1465;1470;1.044624;-496;-89;1852
Apple_2d_big_Leaves_img_4.png.;Apple;2;1491;1478;1478;1.053894;0;-54;1861
Apple_2d_big_Leaves_img_4.png.;Apple;3;1444;1462;1464;1.042485;485;-101;1823
Apple_2d_big_Leaves_img_4.png.;Apple;4;1465;1484;1488;1.058172;-503;-80;1561
Apple_2d_big_Leaves_img_4.png.;Apple;5;1459;1481;1483;1.056033;-1;-86;1573
Apple_2d_big_Leaves_img_4.png.;Apple;6;1456;1462;1463;1.042485;481;-89;1540
Apple_2d_big_Leaves_img_4.png.;Apple;7;1478;1507;1517;1.074572;-508;-67;1283
Apple_2d_big_Leaves_img_4.png.;Apple;8;1507;1497;1498;1.067442;-1;-38;1288
Apple_2d_big_Leaves_img_4.png.;Apple;9;1494;1501;1508;1.070294;496;-51;1269
Apple_2d_big_Leaves_img_4.png.;Apple;10;1468;1501;1510;1.070294;-504;-77;967
Apple_2d_big_Leaves_img_4.png.;Apple;11;1478;1494;1496;1.065303;-1;-67;959
Apple_2d_big_Leaves_img_4.png.;Apple;12;1465;1491;1497;1.063163;486;-80;968
Apple_2d_big_Leaves_img_4.png.;Apple;13;1484;1504;1506;1.072433;-507;-61;654
Apple_2d_big_Leaves_img_4.png.;Apple;14;1488;1507;1508;1.074572;-5;-57;672
Apple_2d_big_Leaves_img_4.png.;Apple;15;1491;1497;1500;1.067442;492;-54;669
Apple_2d_med_Black_img_2.png.;Apple;1;1434;1462;1464;1.042485;-495;-77;1848
Apple_2d_med_Black_img_2.png.;Apple;2;1440;1462;1467;1.042485;-1;-71;1854
Apple_2d_med_Black_img_2.png.;Apple;3;1453;1475;1476;1.051755;487;-58;1845
Apple_2d_med_Black_img_2.png.;Apple;4;1456;1475;1482;1.051755;-500;-55;1564
Apple_2d_med_Black_img_2.png.;Apple;5;1475;1488;1491;1.061024;-2;-36;1576
Apple_2d_med_Black_img_2.png.;Apple;6;1437;1472;1474;1.049615;489;-74;1554
Apple_2d_med_Black_img_2.png.;Apple;7;1481;1484;1487;1.058172;-505;-30;1276
Apple_2d_med_Black_img_2.png.;Apple;8;1475;1494;1501;1.065303;1;-36;1288
Apple_2d_med_Black_img_2.png.;Apple;9;1472;1488;1497;1.061024;490;-39;1266
Apple_2d_med_Black_img_2.png.;Apple;10;1517;1497;1498;1.067442;-502;6;966
Apple_2d_med_Black_img_2.png.;Apple;11;1501;1514;1520;1.079564;-3;-10;966
Apple_2d_med_Black_img_2.png.;Apple;12;1475;1484;1486;1.058172;484;-36;957
Apple_2d_med_Black_img_2.png.;Apple;13;1488;1501;1502;1.070294;-508;-23;670
Apple_2d_med_Black_img_2.png.;Apple;14;1481;1504;1506;1.072433;-6;-30;676
Apple_2d_med_Black_img_2.png.;Apple;15;1475;1484;1554;1.058172;486;-36;672
Apple_2d_med_Black_img_3.png.;Apple;1;1484;1472;1470;1.049615;-496;-51;1858
Apple_2d_med_Black_img_3.png.;Apple;2;1440;1462;1467;1.042485;1;-95;1851
Apple_2d_med_Black_img_3.png.;Apple;3;1475;1468;1470;1.046763;488;-60;1837
Apple_2d_med_Black_img_3.png.;Apple;4;1462;1478;1485;1.053894;-498;-73;1564
Apple_2d_med_Black_img_3.png.;Apple;5;1468;1478;1483;1.053894;1;-67;1564
Apple_2d_med_Black_img_3.png.;Apple;6;1444;1472;1476;1.049615;491;-91;1551
Apple_2d_med_Black_img_3.png.;Apple;7;1475;1484;1487;1.058172;-503;-60;1273
Apple_2d_med_Black_img_3.png.;Apple;8;1491;1497;1504;1.067442;3;-44;1287
Apple_2d_med_Black_img_3.png.;Apple;9;1475;1497;1502;1.067442;494;-60;1270
Apple_2d_med_Black_img_3.png.;Apple;10;1484;1491;1493;1.063163;-499;-51;962
Apple_2d_med_Black_img_3.png.;Apple;11;1481;1504;1510;1.072433;-1;-54;959
Apple_2d_med_Black_img_3.png.;Apple;12;1462;1478;1483;1.053894;484;-73;952
Apple_2d_med_Black_img_3.png.;Apple;13;1511;1504;1503;1.072433;-507;-24;669
Apple_2d_med_Black_img_3.png.;Apple;14;1481;1504;1505;1.072433;-5;-54;672
Apple_2d_med_Black_img_3.png.;Apple;15;1475;1484;1545;1.058172;487;-60;672
Apple_2d_med_Black_img_4.png.;Apple;1;1428;1459;1462;1.040346;-493;-100;1843
Apple_2d_med_Black_img_4.png.;Apple;2;1440;1468;1471;1.046763;1;-88;1859
Apple_2d_med_Black_img_4.png.;Apple;3;1447;1465;1466;1.044624;486;-81;1834
Apple_2d_med_Black_img_4.png.;Apple;4;1465;1472;1477;1.049615;-496;-63;1559
Apple_2d_med_Black_img_4.png.;Apple;5;1453;1481;1483;1.056033;1;-75;1568
Apple_2d_med_Black_img_4.png.;Apple;6;1444;1472;1475;1.049615;492;-84;1551
Apple_2d_med_Black_img_4.png.;Apple;7;1484;1488;1489;1.061024;-504;-44;1278
Apple_2d_med_Black_img_4.png.;Apple;8;1472;1494;1500;1.065303;3;-56;1287
Apple_2d_med_Black_img_4.png.;Apple;9;1472;1491;1497;1.063163;492;-56;1265
Apple_2d_med_Black_img_4.png.;Apple;10;1521;1494;1496;1.065303;-499;-7;964
Apple_2d_med_Black_img_4.png.;Apple;11;1507;1514;1518;1.079564;-1;-21;965
Apple_2d_med_Black_img_4.png.;Apple;12;1468;1478;1481;1.053894;484;-60;952
Apple_2d_med_Black_img_4.png.;Apple;13;1494;1501;1502;1.070294;-506;-34;668
Apple_2d_med_Black_img_4.png.;Apple;14;1504;1504;1505;1.072433;-3;-24;672
Apple_2d_med_Black_img_4.png.;Apple;15;1468;1478;1521;1.053894;486;-60;669
Apple_2d_med_Leaves_img_2.png.;Apple;1;1450;1462;1468;1.042485;-492;-61;1856
Apple_2d_med_Leaves_img_2.png.;Apple;2;1465;1465;1468;1.044624;4;-46;1858
Apple_2d_med_Leaves_img_2.png.;Apple;3;1456;1468;1471;1.046763;490;-55;1829
Apple_2d_med_Leaves_img_2.png.;Apple;4;1478;1478;1479;1.053894;-495;-33;1569
Apple_2d_med_Leaves_img_2.png.;Apple;5;1468;1481;1484;1.056033;-2;-43;1568
Apple_2d_med_Leaves_img_2.png.;Apple;6;1456;1475;1477;1.051755;494;-55;1554
Apple_2d_med_Leaves_img_2.png.;Apple;7;1478;1486;1488;1.059598;-499;-33;1278
Apple_2d_med_Leaves_img_2.png.;Apple;8;1497;1497;1500;1.067442;-2;-14;1284
Apple_2d_med_Leaves_img_2.png.;Apple;9;1481;1507;1510;1.074572;499;-30;1275
Apple_2d_med_Leaves_img_2.png.;Apple;10;1511;1501;1502;1.070294;-501;0;969
Apple_2d_med_Leaves_img_2.png.;Apple;11;1497;1488;1491;1.061024;0;-14;951
Apple_2d_med_Leaves_img_2.png.;Apple;12;1491;1514;1517;1.079564;497;-20;979
Apple_2d_med_Leaves_img_2.png.;Apple;13;1504;1501;1500;1.070294;-507;-7;667
Apple_2d_med_Leaves_img_2.png.;Apple;14;1501;1504;1509;1.072433;-4;-10;670
Apple_2d_med_Leaves_img_2.png.;Apple;15;1478;1494;1496;1.065303;492;-33;673
Apple_2d_med_Leaves_img_3.png.;Apple;1;1444;1465;1467;1.044624;-492;-70;1859
Apple_2d_med_Leaves_img_3.png.;Apple;2;1447;1462;1464;1.042485;4;-67;1854
Apple_2d_med_Leaves_img_3.png.;Apple;3;1447;1472;1473;1.049615;492;-67;1831
Apple_2d_med_Leaves_img_3.png.;Apple;4;1459;1472;1475;1.049615;-492;-55;1560
Apple_2d_med_Leaves_img_3.png.;Apple;5;1468;1488;1490;1.061024;-1;-46;1571
Apple_2d_med_Leaves_img_3.png.;Apple;6;1459;1472;1473;1.049615;492;-55;1552
Apple_2d_med_Leaves_img_3.png.;Apple;7;1484;1484;1488;1.058172;-496;-30;1276
Apple_2d_med_Leaves_img_3.png.;Apple;8;1491;1494;1494;1.065303;-1;-23;1281
Apple_2d_med_Leaves_img_3.png.;Apple;9;1481;1507;1513;1.074572;500;-33;1273
Apple_2d_med_Leaves_img_3.png.;Apple;10;1481;1501;1503;1.070294;-500;-33;967
Apple_2d_med_Leaves_img_3.png.;Apple;11;1472;1488;1492;1.061024;1;-42;951
Apple_2d_med_Leaves_img_3.png.;Apple;12;1472;1514;1515;1.079564;499;-42;979
Apple_2d_med_Leaves_img_3.png.;Apple;13;1507;1504;1504;1.072433;-507;-7;667
Apple_2d_med_Leaves_img_3.png.;Apple;14;1501;1511;1514;1.077425;-3;-13;674
Apple_2d_med_Leaves_img_3.png.;Apple;15;1478;1494;1495;1.065303;493;-36;672
Apple_2d_med_Leaves_img_4.png.;Apple;1;1444;1462;1466;1.042485;-491;-63;1858
Apple_2d_med_Leaves_img_4.png.;Apple;2;1447;1465;1466;1.044624;4;-60;1858
Apple_2d_med_Leaves_img_4.png.;Apple;3;1456;1465;1469;1.044624;490;-51;1827
Apple_2d_med_Leaves_img_4.png.;Apple;4;1468;1472;1476;1.049615;-492;-39;1562
Apple_2d_med_Leaves_img_4.png.;Apple;5;1462;1481;1485;1.056033;-1;-45;1569
Apple_2d_med_Leaves_img_4.png.;Apple;6;1456;1475;1476;1.051755;494;-51;1556
Apple_2d_med_Leaves_img_4.png.;Apple;7;1488;1488;1490;1.061024;-500;-19;1281
Apple_2d_med_Leaves_img_4.png.;Apple;8;1491;1494;1496;1.065303;0;-16;1281
Apple_2d_med_Leaves_img_4.png.;Apple;9;1484;1511;1516;1.077425;501;-23;1279
Apple_2d_med_Leaves_img_4.png.;Apple;10;1497;1497;1497;1.067442;-500;-10;968
Apple_2d_med_Leaves_img_4.png.;Apple;11;1472;1488;1494;1.061024;0;-35;952
Apple_2d_med_Leaves_img_4.png.;Apple;12;1468;1501;1505;1.070294;493;-39;974
Apple_2d_med_Leaves_img_4.png.;Apple;13;1507;1504;1503;1.072433;-507;0;669
Apple_2d_med_Leaves_img_4.png.;Apple;14;1501;1507;1509;1.074572;-3;-6;672
Apple_2d_med_Leaves_img_4.png.;Apple;15;1511;1497;1497;1.067442;495;4;674
Apple_2d_mix_Black_img_2.png.;Apple;1;1494;1488;1485;1.061024;-502;-27;1889
Apple_2d_mix_Black_img_2.png.;Apple;2;1468;1468;1469;1.046763;0;-53;1852
Apple_2d_mix_Black_img_2.png.;Apple;3;1437;1459;1461;1.040346;486;-84;1827
Apple_2d_mix_Black_img_2.png.;Apple;4;1465;1465;1464;1.044624;-496;-56;1553
Apple_2d_mix_Black_img_2.png.;Apple;5;1472;1475;1477;1.051755;-1;-49;1564
Apple_2d_mix_Black_img_2.png.;Apple;6;1456;1491;1496;1.063163;496;-65;1580
Apple_2d_mix_Black_img_2.png.;Apple;7;1475;1478;1463;1.053894;-501;-46;1269
Apple_2d_mix_Black_img_2.png.;Apple;8;1484;1504;1507;1.072433;-1;-37;1298
Apple_2d_mix_Black_img_2.png.;Apple;9;1456;1472;1484;1.049615;485;-65;1253
Apple_2d_mix_Black_img_2.png.;Apple;10;1468;1488;1489;1.061024;-501;-53;974
Apple_2d_mix_Black_img_2.png.;Apple;11;1453;1481;1485;1.056033;-3;-68;951
Apple_2d_mix_Black_img_2.png.;Apple;12;1447;1465;1467;1.044624;483;-74;955
Apple_2d_mix_Black_img_2.png.;Apple;13;1497;1491;1492;1.063163;-507;-24;663
Apple_2d_mix_Black_img_2.png.;Apple;14;1488;1494;1500;1.065303;-5;-33;669
Apple_2d_mix_Black_img_2.png.;Apple;15;1501;1514;1513;1.079564;500;-20;685
Apple_2d_mix_Black_img_3.png.;Apple;1;1494;1491;1488;1.063163;-505;-23;1892
Apple_2d_mix_Black_img_3.png.;Apple;2;1468;1472;1472;1.049615;0;-49;1856
Apple_2d_mix_Black_img_3.png.;Apple;3;1444;1459;1462;1.040346;485;-73;1825
Apple_2d_mix_Black_img_3.png.;Apple;4;1468;1468;1468;1.046763;-499;-49;1552
Apple_2d_mix_Black_img_3.png.;Apple;5;1450;1478;1479;1.053894;-2;-67;1566
Apple_2d_mix_Black_img_3.png.;Apple;6;1459;1491;1497;1.063163;495;-58;1580
Apple_2d_mix_Black_img_3.png.;Apple;7;1491;1478;1399;1.053894;-502;-26;1267
Apple_2d_mix_Black_img_3.png.;Apple;8;1504;1501;1504;1.070294;-2;-13;1295
Apple_2d_mix_Black_img_3.png.;Apple;9;1462;1465;1472;1.044624;483;-55;1246
Apple_2d_mix_Black_img_3.png.;Apple;10;1481;1484;1487;1.058172;-502;-36;971
Apple_2d_mix_Black_img_3.png.;Apple;11;1450;1481;1487;1.056033;-4;-67;951
Apple_2d_mix_Black_img_3.png.;Apple;12;1447;1472;1473;1.049615;483;-70;958
Apple_2d_mix_Black_img_3.png.;Apple;13;1504;1501;1498;1.070294;-512;-13;667
Apple_2d_mix_Black_img_3.png.;Apple;14;1481;1501;1507;1.070294;-4;-36;670
Apple_2d_mix_Black_img_3.png.;Apple;15;1501;1504;1507;1.072433;493;-16;679
Apple_2d_mix_Black_img_4.png.;Apple;1;1491;1484;1484;1.058172;-501;-26;1880
Apple_2d_mix_Black_img_4.png.;Apple;2;1511;1475;1476;1.051755;2;-6;1859
Apple_2d_mix_Black_img_4.png.;Apple;3;1440;1456;1458;1.038207;487;-77;1822
Apple_2d_mix_Black_img_4.png.;Apple;4;1459;1468;1469;1.046763;-495;-58;1555
Apple_2d_mix_Black_img_4.png.;Apple;5;1475;1475;1481;1.051755;1;-42;1562
Apple_2d_mix_Black_img_4.png.;Apple;6;1453;1484;1491;1.058172;496;-64;1572
Apple_2d_mix_Black_img_4.png.;Apple;7;1472;1475;1424;1.051755;-496;-45;1263
Apple_2d_mix_Black_img_4.png.;Apple;8;1488;1504;1508;1.072433;1;-29;1295
Apple_2d_mix_Black_img_4.png.;Apple;9;1453;1468;1476;1.046763;487;-64;1247
Apple_2d_mix_Black_img_4.png.;Apple;10;1484;1484;1485;1.058172;-498;-33;970
Apple_2d_mix_Black_img_4.png.;Apple;11;1462;1475;1483;1.051755;0;-55;947
Apple_2d_mix_Black_img_4.png.;Apple;12;1440;1468;1469;1.046763;485;-77;954
Apple_2d_mix_Black_img_4.png.;Apple;13;1465;1501;1500;1.070294;-507;-52;665
Apple_2d_mix_Black_img_4.png.;Apple;14;1494;1497;1503;1.067442;-2;-23;668
Apple_2d_mix_Black_img_4.png.;Apple;15;1497;1504;1506;1.072433;499;-20;679
Apple_2d_mix_Leaves_img_2.png.;Apple;1;1472;1472;1472;1.049615;-495;-49;1878
Apple_2d_mix_Leaves_img_2.png.;Apple;2;1444;1468;1471;1.046763;0;-77;1859
Apple_2d_mix_Leaves_img_2.png.;Apple;3;1484;1462;1462;1.042485;490;-37;1821
Apple_2d_mix_Leaves_img_2.png.;Apple;4;1491;1475;1475;1.051755;-496;-30;1551
Apple_2d_mix_Leaves_img_2.png.;Apple;5;1462;1478;1484;1.053894;0;-59;1567
Apple_2d_mix_Leaves_img_2.png.;Apple;6;1481;1478;1479;1.053894;495;-40;1569
Apple_2d_mix_Leaves_img_2.png.;Apple;7;1478;1488;1491;1.061024;-500;-43;1275
Apple_2d_mix_Leaves_img_2.png.;Apple;8;1497;1501;1502;1.070294;0;-24;1296
Apple_2d_mix_Leaves_img_2.png.;Apple;9;1462;1497;1500;1.067442;495;-59;1271
Apple_2d_mix_Leaves_img_2.png.;Apple;10;1517;1507;1507;1.074572;-505;-4;984
Apple_2d_mix_Leaves_img_2.png.;Apple;11;1447;1484;1492;1.058172;1;-74;953
Apple_2d_mix_Leaves_img_2.png.;Apple;12;1459;1497;1500;1.067442;492;-62;971
Apple_2d_mix_Leaves_img_2.png.;Apple;13;1488;1491;1495;1.063163;-506;-33;665
Apple_2d_mix_Leaves_img_2.png.;Apple;14;1484;1504;1509;1.072433;-4;-37;672
Apple_2d_mix_Leaves_img_2.png.;Apple;15;1494;1511;1510;1.077425;500;-27;682
Apple_2d_mix_Leaves_img_3.png.;Apple;1;1453;1472;1472;1.049615;-495;-71;1878
Apple_2d_mix_Leaves_img_3.png.;Apple;2;1456;1465;1467;1.044624;0;-68;1853
Apple_2d_mix_Leaves_img_3.png.;Apple;3;1478;1462;1460;1.042485;490;-46;1821
Apple_2d_mix_Leaves_img_3.png.;Apple;4;1504;1481;1480;1.056033;-498;-20;1556
Apple_2d_mix_Leaves_img_3.png.;Apple;5;1468;1472;1477;1.049615;0;-56;1561
Apple_2d_mix_Leaves_img_3.png.;Apple;6;1481;1481;1483;1.056033;496;-43;1571
Apple_2d_mix_Leaves_img_3.png.;Apple;7;1468;1491;1493;1.063163;-502;-56;1278
Apple_2d_mix_Leaves_img_3.png.;Apple;8;1501;1504;1505;1.072433;0;-23;1299
Apple_2d_mix_Leaves_img_3.png.;Apple;9;1462;1497;1499;1.067442;495;-62;1271
Apple_2d_mix_Leaves_img_3.png.;Apple;10;1514;1507;1508;1.074572;-507;-10;985
Apple_2d_mix_Leaves_img_3.png.;Apple;11;1462;1488;1496;1.061024;0;-62;955
Apple_2d_mix_Leaves_img_3.png.;Apple;12;1450;1494;1496;1.065303;490;-74;969
Apple_2d_mix_Leaves_img_3.png.;Apple;13;1459;1491;1492;1.063163;-505;-65;665
Apple_2d_mix_Leaves_img_3.png.;Apple;14;1507;1511;1514;1.077425;-3;-17;675
Apple_2d_mix_Leaves_img_3.png.;Apple;15;1524;1514;1513;1.079564;501;0;684
Apple_2d_mix_Leaves_img_4.png.;Apple;1;1475;1472;1471;1.049615;-495;-70;1878
Apple_2d_mix_Leaves_img_4.png.;Apple;2;1450;1468;1469;1.046763;0;-95;1859
Apple_2d_mix_Leaves_img_4.png.;Apple;3;1468;1465;1464;1.044624;491;-77;1826
Apple_2d_mix_Leaves_img_4.png.;Apple;4;1501;1478;1477;1.053894;-497;-44;1554
Apple_2d_mix_Leaves_img_4.png.;Apple;5;1462;1475;1480;1.051755;0;-83;1564
Apple_2d_mix_Leaves_img_4.png.;Apple;6;1462;1478;1481;1.053894;494;-83;1570
Apple_2d_mix_Leaves_img_4.png.;Apple;7;1475;1481;1487;1.056033;-498;-70;1271
Apple_2d_mix_Leaves_img_4.png.;Apple;8;1501;1504;1506;1.072433;0;-44;1299
Apple_2d_mix_Leaves_img_4.png.;Apple;9;1468;1494;1499;1.065303;494;-77;1271
Apple_2d_mix_Leaves_img_4.png.;Apple;10;1514;1504;1507;1.072433;-505;-31;984
Apple_2d_mix_Leaves_img_4.png.;Apple;11;1450;1481;1488;1.056033;0;-95;952
Apple_2d_mix_Leaves_img_4.png.;Apple;12;1504;1497;1499;1.067442;491;-41;973
Apple_2d_mix_Leaves_img_4.png.;Apple;13;1459;1488;1491;1.061024;-504;-86;665
Apple_2d_mix_Leaves_img_4.png.;Apple;14;1494;1504;1511;1.072433;-2;-51;673
Apple_2d_mix_Leaves_img_4.png.;Apple;15;1514;1511;1512;1.077425;500;-31;685
Apple_2d_small_Black_img_2.png.;Apple;1;1456;1480;1482;1.05532;-498;-72;1881
Apple_2d_small_Black_img_2.png.;Apple;2;1472;1475;1477;1.051755;-1;-56;1870
Apple_2d_small_Black_img_2.png.;Apple;3;1459;1472;1474;1.049615;489;-69;1851
Apple_2d_small_Black_img_2.png.;Apple;4;1450;1462;1464;1.042485;-495;-78;1549
Apple_2d_small_Black_img_2.png.;Apple;5;1478;1478;1482;1.053894;-1;-50;1578
Apple_2d_small_Black_img_2.png.;Apple;6;1453;1478;1481;1.053894;492;-75;1569
Apple_2d_small_Black_img_2.png.;Apple;7;1494;1497;1500;1.067442;-505;-34;1287
Apple_2d_small_Black_img_2.png.;Apple;8;1507;1504;1508;1.072433;1;-21;1301
Apple_2d_small_Black_img_2.png.;Apple;9;1488;1507;1519;1.074572;498;-40;1286
Apple_2d_small_Black_img_2.png.;Apple;10;1478;1491;1493;1.063163;-504;-50;991
Apple_2d_small_Black_img_2.png.;Apple;11;1501;1511;1511;1.077425;-1;-27;977
Apple_2d_small_Black_img_2.png.;Apple;12;1484;1478;1481;1.053894;486;-44;977
Apple_2d_small_Black_img_2.png.;Apple;13;1511;1511;1511;1.077425;-513;-17;686
Apple_2d_small_Black_img_2.png.;Apple;14;1507;1511;1511;1.077425;-8;-21;688
Apple_2d_small_Black_img_2.png.;Apple;15;1491;1501;1503;1.070294;500;-37;680
Apple_2d_small_Black_img_3.png.;Apple;1;1501;1481;1480;1.056033;-497;-23;1879
Apple_2d_small_Black_img_3.png.;Apple;2;1447;1478;1480;1.053894;-1;-77;1873
Apple_2d_small_Black_img_3.png.;Apple;3;1462;1472;1475;1.049615;491;-62;1850
Apple_2d_small_Black_img_3.png.;Apple;4;1468;1468;1470;1.046763;-495;-56;1554
Apple_2d_small_Black_img_3.png.;Apple;5;1484;1484;1487;1.058172;1;-40;1585
Apple_2d_small_Black_img_3.png.;Apple;6;1453;1478;1482;1.053894;494;-71;1567
Apple_2d_small_Black_img_3.png.;Apple;7;1501;1501;1500;1.070294;-505;-23;1288
Apple_2d_small_Black_img_3.png.;Apple;8;1491;1504;1506;1.072433;1;-33;1300
Apple_2d_small_Black_img_3.png.;Apple;9;1511;1511;1520;1.077425;501;-13;1288
Apple_2d_small_Black_img_3.png.;Apple;10;1504;1494;1498;1.065303;-502;-20;991
Apple_2d_small_Black_img_3.png.;Apple;11;1501;1511;1514;1.077425;1;-23;975
Apple_2d_small_Black_img_3.png.;Apple;12;1465;1481;1484;1.056033;490;-59;980
Apple_2d_small_Black_img_3.png.;Apple;13;1497;1514;1515;1.079564;-513;-27;686
Apple_2d_small_Black_img_3.png.;Apple;14;1507;1507;1508;1.074572;-4;-17;686
Apple_2d_small_Black_img_3.png.;Apple;15;1491;1501;1500;1.070294;500;-33;679
Apple_2d_small_Black_img_4.png.;Apple;1;1465;1481;1482;1.056033;-500;-42;1879
Apple_2d_small_Black_img_4.png.;Apple;2;1444;1475;1475;1.051755;-1;-63;1867
Apple_2d_small_Black_img_4.png.;Apple;3;1456;1472;1473;1.049615;490;-51;1850
Apple_2d_small_Black_img_4.png.;Apple;4;1453;1462;1464;1.042485;-495;-54;1547
Apple_2d_small_Black_img_4.png.;Apple;5;1462;1481;1482;1.056033;1;-45;1578
Apple_2d_small_Black_img_4.png.;Apple;6;1465;1488;1491;1.061024;495;-42;1576
Apple_2d_small_Black_img_4.png.;Apple;7;1501;1501;1504;1.070294;-506;-6;1287
Apple_2d_small_Black_img_4.png.;Apple;8;1488;1507;1511;1.074572;0;-19;1298
Apple_2d_small_Black_img_4.png.;Apple;9;1491;1507;1520;1.074572;498;-16;1284
Apple_2d_small_Black_img_4.png.;Apple;10;1465;1484;1488;1.058172;-502;-42;983
Apple_2d_small_Black_img_4.png.;Apple;11;1501;1514;1518;1.079564;-1;-6;975
Apple_2d_small_Black_img_4.png.;Apple;12;1475;1478;1480;1.053894;487;-32;977
Apple_2d_small_Black_img_4.png.;Apple;13;1504;1507;1510;1.074572;-513;-3;681
Apple_2d_small_Black_img_4.png.;Apple;14;1517;1511;1511;1.077425;-8;10;685
Apple_2d_small_Black_img_4.png.;Apple;15;1501;1504;1503;1.072433;499;-6;679
Apple_2d_small_Leaves_img_2.png.;Apple;1;1488;1478;1477;1.053894;-495;-29;1878
Apple_2d_small_Leaves_img_2.png.;Apple;2;1478;1472;1470;1.049615;2;-39;1867
Apple_2d_small_Leaves_img_2.png.;Apple;3;1484;1472;1472;1.049615;488;-33;1852
Apple_2d_small_Leaves_img_2.png.;Apple;4;1481;1481;1483;1.056033;-501;-36;1568
Apple_2d_small_Leaves_img_2.png.;Apple;5;1491;1481;1484;1.056033;2;-26;1579
Apple_2d_small_Leaves_img_2.png.;Apple;6;1488;1488;1491;1.061024;497;-29;1576
Apple_2d_small_Leaves_img_2.png.;Apple;7;1484;1491;1494;1.063163;-500;-33;1283
Apple_2d_small_Leaves_img_2.png.;Apple;8;1484;1501;1501;1.070294;2;-33;1296
Apple_2d_small_Leaves_img_2.png.;Apple;9;1501;1531;1535;1.091686;509;-16;1303
Apple_2d_small_Leaves_img_2.png.;Apple;10;1531;1511;1511;1.077425;-511;14;1001
Apple_2d_small_Leaves_img_2.png.;Apple;11;1494;1507;1509;1.074572;2;-23;971
Apple_2d_small_Leaves_img_2.png.;Apple;12;1504;1524;1530;1.086694;506;-13;1007
Apple_2d_small_Leaves_img_2.png.;Apple;13;1511;1504;1504;1.072433;-506;-6;683
Apple_2d_small_Leaves_img_2.png.;Apple;14;1517;1514;1513;1.079564;-6;0;688
Apple_2d_small_Leaves_img_2.png.;Apple;15;1501;1501;1500;1.070294;500;-16;680
Apple_2d_small_Leaves_img_3.png.;Apple;1;1488;1481;1480;1.056033;-496;-33;1881
Apple_2d_small_Leaves_img_3.png.;Apple;2;1478;1475;1474;1.051755;2;-43;1868
Apple_2d_small_Leaves_img_3.png.;Apple;3;1491;1475;1475;1.051755;488;-30;1852
Apple_2d_small_Leaves_img_3.png.;Apple;4;1491;1484;1484;1.058172;-502;-30;1568
Apple_2d_small_Leaves_img_3.png.;Apple;5;1478;1481;1485;1.056033;2;-43;1578
Apple_2d_small_Leaves_img_3.png.;Apple;6;1488;1488;1488;1.061024;497;-33;1575
Apple_2d_small_Leaves_img_3.png.;Apple;7;1488;1491;1495;1.063163;-500;-33;1281
Apple_2d_small_Leaves_img_3.png.;Apple;8;1481;1497;1499;1.067442;2;-40;1290
Apple_2d_small_Leaves_img_3.png.;Apple;9;1517;1535;1536;1.094538;510;-4;1305
Apple_2d_small_Leaves_img_3.png.;Apple;10;1535;1514;1513;1.079564;-510;14;1001
Apple_2d_small_Leaves_img_3.png.;Apple;11;1497;1504;1506;1.072433;2;-24;968
Apple_2d_small_Leaves_img_3.png.;Apple;12;1524;1524;1531;1.086694;506;3;1002
Apple_2d_small_Leaves_img_3.png.;Apple;13;1501;1501;1500;1.070294;-507;-20;679
Apple_2d_small_Leaves_img_3.png.;Apple;14;1497;1504;1505;1.072433;-4;-24;682
Apple_2d_small_Leaves_img_3.png.;Apple;15;1491;1501;1501;1.070294;501;-30;675
Apple_2d_small_Leaves_img_4.png.;Apple;1;1484;1478;1476;1.053894;-496;-51;1877
Apple_2d_small_Leaves_img_4.png.;Apple;2;1481;1472;1472;1.049615;1;-54;1866
Apple_2d_small_Leaves_img_4.png.;Apple;3;1456;1465;1468;1.044624;486;-79;1843
Apple_2d_small_Leaves_img_4.png.;Apple;4;1491;1488;1487;1.061024;-502;-44;1575
Apple_2d_small_Leaves_img_4.png.;Apple;5;1475;1481;1485;1.056033;2;-60;1578
Apple_2d_small_Leaves_img_4.png.;Apple;6;1494;1491;1492;1.063163;496;-41;1580
Apple_2d_small_Leaves_img_4.png.;Apple;7;1484;1491;1494;1.063163;-501;-51;1282
Apple_2d_small_Leaves_img_4.png.;Apple;8;1501;1501;1501;1.070294;1;-34;1294
Apple_2d_small_Leaves_img_4.png.;Apple;9;1524;1531;1533;1.091686;508;-11;1302
Apple_2d_small_Leaves_img_4.png.;Apple;10;1494;1517;1516;1.081703;-514;-41;1005
Apple_2d_small_Leaves_img_4.png.;Apple;11;1497;1504;1506;1.072433;-1;-38;969
Apple_2d_small_Leaves_img_4.png.;Apple;12;1521;1524;1530;1.086694;505;-14;1003
Apple_2d_small_Leaves_img_4.png.;Apple;13;1504;1501;1499;1.070294;-507;-31;681
Apple_2d_small_Leaves_img_4.png.;Apple;14;1497;1511;1512;1.077425;-6;-38;686
Apple_2d_small_Leaves_img_4.png.;Apple;15;1494;1497;1499;1.067442;497;-41;676
Mix_2d_apple_tball_Leaves_img_2.png.;Tennis_ball;1;1444;1465;1466;1.044624;-497;-101;1869
Mix_2d_apple_tball_Leaves_img_2.png.;Apple;2;1437;1459;1461;1.040346;1;-108;1846
Mix_2d_apple_tball_Leaves_img_2.png.;Apple;3;1465;1462;1462;1.042485;489;-80;1820
Mix_2d_apple_tball_Leaves_img_2.png.;Apple;4;1475;1478;1479;1.053894;-498;-70;1555
Mix_2d_apple_tball_Leaves_img_2.png.;Apple;5;1478;1481;1486;1.056033;-1;-67;1570
Mix_2d_apple_tball_Leaves_img_2.png.;Apple;6;1465;1484;1485;1.058172;496;-80;1575
Mix_2d_apple_tball_Leaves_img_2.png.;Apple;7;1481;1488;1493;1.061024;-501;-64;1274
Mix_2d_apple_tball_Leaves_img_2.png.;Tennis_ball;8;1491;1488;1488;1.061024;-1;-54;1273
Mix_2d_apple_tball_Leaves_img_2.png.;Apple;9;1472;1501;1505;1.070294;496;-73;1274
Mix_2d_apple_tball_Leaves_img_2.png.;Apple;10;1501;1501;1504;1.070294;-504;-44;982
Mix_2d_apple_tball_Leaves_img_2.png.;Apple;11;1459;1488;1495;1.061024;-1;-86;955
Mix_2d_apple_tball_Leaves_img_2.png.;Apple;12;1514;1501;1502;1.070294;493;-31;973
Mix_2d_apple_tball_Leaves_img_2.png.;Apple;13;1491;1491;1493;1.063163;-506;-54;665
Mix_2d_apple_tball_Leaves_img_2.png.;Apple;14;1475;1504;1510;1.072433;-3;-70;673
Mix_2d_apple_tball_Leaves_img_2.png.;Tennis_ball;15;1504;1511;1512;1.077425;499;-41;673
Mix_2d_apple_tball_Leaves_img_3.png.;Tennis_ball;1;1481;1465;1463;1.044624;-496;-47;1866
Mix_2d_apple_tball_Leaves_img_3.png.;Apple;2;1437;1465;1466;1.044624;1;-91;1850
Mix_2d_apple_tball_Leaves_img_3.png.;Apple;3;1465;1462;1463;1.042485;490;-63;1819
Mix_2d_apple_tball_Leaves_img_3.png.;Apple;4;1459;1472;1475;1.049615;-495;-69;1546
Mix_2d_apple_tball_Leaves_img_3.png.;Apple;5;1459;1478;1485;1.053894;-1;-69;1565
Mix_2d_apple_tball_Leaves_img_3.png.;Apple;6;1484;1484;1487;1.058172;496;-44;1571
Mix_2d_apple_tball_Leaves_img_3.png.;Apple;7;1478;1484;1489;1.058172;-499;-50;1269
Mix_2d_apple_tball_Leaves_img_3.png.;Tennis_ball;8;1481;1472;1475;1.049615;0;-47;1259
Mix_2d_apple_tball_Leaves_img_3.png.;Apple;9;1475;1504;1507;1.072433;497;-53;1273
Mix_2d_apple_tball_Leaves_img_3.png.;Apple;10;1501;1504;1508;1.072433;-505;-27;980
Mix_2d_apple_tball_Leaves_img_3.png.;Apple;11;1450;1484;1493;1.058172;0;-78;951
Mix_2d_apple_tball_Leaves_img_3.png.;Apple;12;1453;1501;1502;1.070294;492;-75;972
Mix_2d_apple_tball_Leaves_img_3.png.;Apple;13;1459;1491;1492;1.063163;-506;-69;662
Mix_2d_apple_tball_Leaves_img_3.png.;Apple;14;1491;1504;1511;1.072433;-3;-37;671
Mix_2d_apple_tball_Leaves_img_3.png.;Tennis_ball;15;1514;1521;1522;1.084555;504;-14;674
Mix_2d_apple_tball_Leaves_img_4.png.;Tennis_ball;1;1481;1462;1461;1.042485;-496;-64;1864
Mix_2d_apple_tball_Leaves_img_4.png.;Apple;2;1437;1465;1466;1.044624;-1;-108;1852
Mix_2d_apple_tball_Leaves_img_4.png.;Apple;3;1468;1468;1466;1.046763;492;-77;1827
Mix_2d_apple_tball_Leaves_img_4.png.;Apple;4;1459;1468;1473;1.046763;-494;-86;1545
Mix_2d_apple_tball_Leaves_img_4.png.;Apple;5;1462;1478;1484;1.053894;0;-83;1567
Mix_2d_apple_tball_Leaves_img_4.png.;Apple;6;1488;1488;1488;1.061024;498;-57;1577
Mix_2d_apple_tball_Leaves_img_4.png.;Apple;7;1481;1491;1494;1.063163;-502;-64;1277
Mix_2d_apple_tball_Leaves_img_4.png.;Tennis_ball;8;1484;1472;1475;1.049615;0;-61;1263
Mix_2d_apple_tball_Leaves_img_4.png.;Apple;9;1472;1497;1503;1.067442;494;-73;1270
Mix_2d_apple_tball_Leaves_img_4.png.;Apple;10;1504;1511;1512;1.077425;-507;-41;985
Mix_2d_apple_tball_Leaves_img_4.png.;Apple;11;1462;1481;1490;1.056033;-1;-83;951
Mix_2d_apple_tball_Leaves_img_4.png.;Apple;12;1444;1491;1492;1.063163;490;-101;968
Mix_2d_apple_tball_Leaves_img_4.png.;Apple;13;1462;1491;1493;1.063163;-506;-83;665
Mix_2d_apple_tball_Leaves_img_4.png.;Apple;14;1501;1501;1509;1.070294;-3;-44;672
Mix_2d_apple_tball_Leaves_img_4.png.;Tennis_ball;15;1549;1514;1516;1.079564;500;4;674
Mix_3d_apple_tball_Black_img_0.png.;Tennis_ball;1;1475;1462;1461;1.042485;-500;-53;1856
Mix_3d_apple_tball_Black_img_0.png.;Apple;2;1428;1453;1457;1.036067;0;-100;1837
Mix_3d_apple_tball_Black_img_0.png.;Apple;3;1437;1444;1441;1.02965;483;-91;1816
Mix_3d_apple_tball_Black_img_0.png.;Apple;4;1481;1465;1463;1.044624;-496;-47;1541
Mix_3d_apple_tball_Black_img_0.png.;Apple;5;1462;1472;1476;1.049615;-3;-66;1557
Mix_3d_apple_tball_Black_img_0.png.;Apple;6;1453;1472;1474;1.049615;492;-75;1559
Mix_3d_apple_tball_Black_img_0.png.;Apple;7;1465;1481;1461;1.056033;-502;-63;1266
Mix_3d_apple_tball_Black_img_0.png.;Tennis_ball;8;1494;1484;1485;1.058172;-1;-34;1268
Mix_3d_apple_tball_Black_img_0.png.;Apple;9;1484;1478;1479;1.053894;490;-44;1253
Mix_3d_apple_tball_Black_img_0.png.;Apple;10;1472;1478;1481;1.053894;-498;-56;964
Mix_3d_apple_tball_Black_img_0.png.;Apple;11;1459;1478;1485;1.053894;-2;-69;947
Mix_3d_apple_tball_Black_img_0.png.;Apple;12;1447;1472;1474;1.049615;485;-81;953
Mix_3d_apple_tball_Black_img_0.png.;Apple;13;1497;1491;1491;1.063163;-507;-31;661
Mix_3d_apple_tball_Black_img_0.png.;Apple;14;1497;1497;1501;1.067442;-4;-31;667
Mix_3d_apple_tball_Black_img_0.png.;Tennis_ball;15;1511;1497;1495;1.067442;494;-17;665
Mix_3d_apple_tball_Black_img_0.png.;Apple;16;1217;1232;1347;0.878482;-201;-311;1705
Mix_3d_apple_tball_Black_img_0.png.;Apple;17;1215;1219;1351;0.869213;131;-313;1701
Mix_3d_apple_tball_Black_img_0.png.;Apple;18;1405;1408;1416;1.00398;-200;-123;1557
Mix_3d_apple_tball_Black_img_0.png.;Tennis_ball;19;1002;998;1086;0.711628;291;-526;1251
Mix_3d_apple_tball_Black_img_0.png.;Apple;20;1549;1121;1255;0.799334;-89;21;1042
Mix_3d_apple_tball_Black_img_0.png.;Apple;21;1318;1393;1356;0.993284;106;-210;1218
Mix_3d_apple_tball_Black_img_0.png.;Tennis_ball;22;1501;1246;1291;0.888465;-188;-27;826
Mix_3d_apple_tball_Black_img_0.png.;Apple;23;1276;1326;1337;0.94551;304;-252;897
Mix_3d_apple_tball_Black_img_0.png.;Apple;24;1008;1022;1123;0.728741;-272;-520;386
Mix_3d_apple_tball_Black_img_0.png.;Apple;25;1374;1374;1378;0.979736;305;-154;619
Mix_3d_apple_tball_Black_img_1.png.;Tennis_ball;1;1444;1462;1465;1.042485;-499;-67;1858
Mix_3d_apple_tball_Black_img_1.png.;Apple;2;1444;1453;1454;1.036067;1;-67;1839
Mix_3d_apple_tball_Black_img_1.png.;Apple;3;1434;1440;1441;1.026798;481;-77;1813
Mix_3d_apple_tball_Black_img_1.png.;Apple;4;1488;1465;1466;1.044624;-496;-23;1542
Mix_3d_apple_tball_Black_img_1.png.;Apple;5;1465;1475;1479;1.051755;-3;-46;1562
Mix_3d_apple_tball_Black_img_1.png.;Apple;6;1453;1465;1471;1.044624;490;-58;1554
Mix_3d_apple_tball_Black_img_1.png.;Apple;7;1475;1478;1481;1.053894;-500;-36;1265
Mix_3d_apple_tball_Black_img_1.png.;Tennis_ball;8;1511;1507;1505;1.074572;-1;0;1288
Mix_3d_apple_tball_Black_img_1.png.;Apple;9;1465;1478;1479;1.053894;488;-46;1256
Mix_3d_apple_tball_Black_img_1.png.;Apple;10;1478;1481;1484;1.056033;-500;-33;968
Mix_3d_apple_tball_Black_img_1.png.;Apple;11;1456;1475;1482;1.051755;-1;-55;948
Mix_3d_apple_tball_Black_img_1.png.;Apple;12;1456;1475;1477;1.051755;486;-55;956
Mix_3d_apple_tball_Black_img_1.png.;Apple;13;1491;1491;1492;1.063163;-507;-20;663
Mix_3d_apple_tball_Black_img_1.png.;Apple;14;1504;1504;1511;1.072433;-3;-7;671
Mix_3d_apple_tball_Black_img_1.png.;Tennis_ball;15;1494;1491;1491;1.063163;491;-17;665
Mix_3d_apple_tball_Black_img_1.png.;Apple;16;1212;1228;1276;0.87563;-200;-299;1702
Mix_3d_apple_tball_Black_img_1.png.;Apple;17;1221;1225;1443;0.873491;132;-290;1710
Mix_3d_apple_tball_Black_img_1.png.;Apple;18;1405;1408;1411;1.00398;-200;-106;1559
Mix_3d_apple_tball_Black_img_1.png.;Apple;19;1002;998;1074;0.711628;291;-509;1253
Mix_3d_apple_tball_Black_img_1.png.;Apple;20;1113;1117;1239;0.796481;-88;-398;1042
Mix_3d_apple_tball_Black_img_1.png.;Apple;21;1428;1393;1379;0.993284;106;-83;1220
Mix_3d_apple_tball_Black_img_1.png.;Tennis_ball;22;1478;1257;1305;0.896309;-190;-33;834
Mix_3d_apple_tball_Black_img_1.png.;Apple;23;1440;1323;1340;0.94337;303;-71;896
Mix_3d_apple_tball_Black_img_1.png.;Apple;24;1002;1022;1107;0.728741;-273;-509;387
Mix_3d_apple_tball_Black_img_1.png.;Apple;25;1391;1379;1381;0.983301;308;-120;622
Mix_3d_apple_tball_Black_img_2.png.;Tennis_ball;1;1478;1462;1460;1.042485;-501;-36;1857
Mix_3d_apple_tball_Black_img_2.png.;Apple;2;1425;1456;1459;1.038207;1;-89;1841
Mix_3d_apple_tball_Black_img_2.png.;Apple;3;1431;1437;1425;1.024659;479;-83;1807
Mix_3d_apple_tball_Black_img_2.png.;Apple;4;1456;1468;1468;1.046763;-499;-58;1544
Mix_3d_apple_tball_Black_img_2.png.;Apple;5;1453;1475;1479;1.051755;-2;-61;1562
Mix_3d_apple_tball_Black_img_2.png.;Apple;6;1456;1472;1474;1.049615;490;-58;1561
Mix_3d_apple_tball_Black_img_2.png.;Apple;7;1468;1472;1432;1.049615;-499;-46;1260
Mix_3d_apple_tball_Black_img_2.png.;Tennis_ball;8;1468;1491;1495;1.063163;-1;-46;1275
Mix_3d_apple_tball_Black_img_2.png.;Apple;9;1491;1478;1479;1.053894;488;-23;1255
Mix_3d_apple_tball_Black_img_2.png.;Apple;10;1468;1488;1487;1.061024;-503;-46;971
Mix_3d_apple_tball_Black_img_2.png.;Apple;11;1459;1481;1486;1.056033;-3;-55;950
Mix_3d_apple_tball_Black_img_2.png.;Apple;12;1462;1481;1481;1.056033;488;-52;960
Mix_3d_apple_tball_Black_img_2.png.;Apple;13;1481;1497;1497;1.067442;-509;-33;664
Mix_3d_apple_tball_Black_img_2.png.;Apple;14;1497;1497;1501;1.067442;-3;-17;669
Mix_3d_apple_tball_Black_img_2.png.;Tennis_ball;15;1501;1494;1494;1.065303;493;-13;668
Mix_3d_apple_tball_Black_img_2.png.;Apple;16;1215;1225;1256;0.873491;-200;-299;1697
Mix_3d_apple_tball_Black_img_2.png.;Apple;17;1221;1223;1457;0.872065;132;-293;1707
Mix_3d_apple_tball_Black_img_2.png.;Apple;18;1408;1414;1421;1.008258;-201;-106;1563
Mix_3d_apple_tball_Black_img_2.png.;Tennis_ball;19;995;1003;1081;0.715193;293;-519;1258
Mix_3d_apple_tball_Black_img_2.png.;Apple;20;1574;1121;1248;0.799334;-89;60;1044
Mix_3d_apple_tball_Black_img_2.png.;Apple;21;1320;1396;1374;0.995423;107;-194;1220
Mix_3d_apple_tball_Black_img_2.png.;Tennis_ball;22;1447;1262;1307;0.899874;-191;-67;836
Mix_3d_apple_tball_Black_img_2.png.;Apple;23;1425;1326;1337;0.94551;304;-89;898
Mix_3d_apple_tball_Black_img_2.png.;Apple;24;1006;1022;1124;0.728741;-273;-508;385
Mix_3d_apple_tball_Black_img_2.png.;Apple;25;1313;1391;1390;0.991858;309;-201;626
Mix_3d_apple_tball_Black_img_3.png.;Tennis_ball;1;1440;1462;1462;1.042485;-499;-77;1858
Mix_3d_apple_tball_Black_img_3.png.;Apple;2;1422;1456;1457;1.038207;1;-95;1842
Mix_3d_apple_tball_Black_img_3.png.;Apple;3;1431;1440;1434;1.026798;480;-86;1813
Mix_3d_apple_tball_Black_img_3.png.;Apple;4;1462;1462;1462;1.042485;-495;-55;1540
Mix_3d_apple_tball_Black_img_3.png.;Apple;5;1453;1475;1479;1.051755;-2;-64;1562
Mix_3d_apple_tball_Black_img_3.png.;Apple;6;1450;1468;1470;1.046763;491;-67;1559
Mix_3d_apple_tball_Black_img_3.png.;Apple;7;1468;1475;1481;1.051755;-500;-49;1263
Mix_3d_apple_tball_Black_img_3.png.;Tennis_ball;8;1507;1501;1502;1.070294;-1;-10;1284
Mix_3d_apple_tball_Black_img_3.png.;Apple;9;1462;1478;1480;1.053894;488;-55;1256
Mix_3d_apple_tball_Black_img_3.png.;Apple;10;1478;1484;1485;1.058172;-503;-39;970
Mix_3d_apple_tball_Black_img_3.png.;Apple;11;1456;1475;1481;1.051755;-3;-61;948
Mix_3d_apple_tball_Black_img_3.png.;Apple;12;1453;1472;1475;1.049615;485;-64;954
Mix_3d_apple_tball_Black_img_3.png.;Apple;13;1511;1497;1497;1.067442;-509;-6;665
Mix_3d_apple_tball_Black_img_3.png.;Apple;14;1484;1497;1504;1.067442;-5;-33;670
Mix_3d_apple_tball_Black_img_3.png.;Tennis_ball;15;1491;1494;1493;1.065303;492;-26;667
Mix_3d_apple_tball_Black_img_3.png.;Apple;16;1208;1230;1350;0.877056;-201;-309;1704
Mix_3d_apple_tball_Black_img_3.png.;Apple;17;1217;1221;1495;0.870639;132;-300;1704
Mix_3d_apple_tball_Black_img_3.png.;Apple;18;1385;1408;1415;1.00398;-200;-132;1558
Mix_3d_apple_tball_Black_img_3.png.;Tennis_ball;19;993;1001;1094;0.713767;292;-524;1256
Mix_3d_apple_tball_Black_img_3.png.;Apple;20;1566;1117;1254;0.796481;-89;49;1041
Mix_3d_apple_tball_Black_img_3.png.;Apple;21;1318;1399;1385;0.997563;107;-199;1224
Mix_3d_apple_tball_Black_img_3.png.;Tennis_ball;22;1517;1248;1293;0.889891;-189;0;829
Mix_3d_apple_tball_Black_img_3.png.;Apple;23;1402;1323;1337;0.94337;303;-115;897
Mix_3d_apple_tball_Black_img_3.png.;Apple;24;1006;1023;1113;0.729454;-273;-511;387
Mix_3d_apple_tball_Black_img_3.png.;Apple;25;1341;1379;1381;0.983301;307;-176;621
Mix_3d_apple_tball_Black_img_4.png.;Tennis_ball;1;1437;1456;1457;1.038207;-498;-94;1851
Mix_3d_apple_tball_Black_img_4.png.;Apple;2;1425;1453;1454;1.036067;2;-106;1839
Mix_3d_apple_tball_Black_img_4.png.;Apple;3;1434;1444;1439;1.02965;484;-97;1818
Mix_3d_apple_tball_Black_img_4.png.;Apple;4;1484;1462;1462;1.042485;-495;-47;1540
Mix_3d_apple_tball_Black_img_4.png.;Apple;5;1462;1475;1481;1.051755;-2;-69;1564
Mix_3d_apple_tball_Black_img_4.png.;Apple;6;1459;1468;1470;1.046763;490;-72;1557
Mix_3d_apple_tball_Black_img_4.png.;Apple;7;1465;1478;1480;1.053894;-500;-66;1266
Mix_3d_apple_tball_Black_img_4.png.;Tennis_ball;8;1511;1507;1511;1.074572;0;-20;1288
Mix_3d_apple_tball_Black_img_4.png.;Apple;9;1475;1478;1481;1.053894;489;-56;1255
Mix_3d_apple_tball_Black_img_4.png.;Apple;10;1484;1481;1483;1.056033;-498;-47;968
Mix_3d_apple_tball_Black_img_4.png.;Apple;11;1459;1472;1481;1.049615;-2;-72;946
Mix_3d_apple_tball_Black_img_4.png.;Apple;12;1462;1475;1478;1.051755;487;-69;956
Mix_3d_apple_tball_Black_img_4.png.;Apple;13;1507;1494;1493;1.065303;-507;-24;663
Mix_3d_apple_tball_Black_img_4.png.;Apple;14;1497;1497;1500;1.067442;-3;-34;669
Mix_3d_apple_tball_Black_img_4.png.;Tennis_ball;15;1472;1488;1490;1.061024;490;-59;664
Mix_3d_apple_tball_Black_img_4.png.;Apple;16;1212;1230;1362;0.877056;-200;-319;1704
Mix_3d_apple_tball_Black_img_4.png.;Apple;17;1217;1219;1413;0.869213;132;-314;1703
Mix_3d_apple_tball_Black_img_4.png.;Apple;18;1399;1405;1411;1.001841;-198;-132;1556
Mix_3d_apple_tball_Black_img_4.png.;Tennis_ball;19;1006;1003;1083;0.715193;293;-525;1258
Mix_3d_apple_tball_Black_img_4.png.;Apple;20;1542;1112;1224;0.792916;-87;11;1037
Mix_3d_apple_tball_Black_img_4.png.;Apple;21;1465;1422;1374;1.013963;110;-66;1243
Mix_3d_apple_tball_Black_img_4.png.;Tennis_ball;22;1517;1246;1295;0.888465;-188;-14;828
Mix_3d_apple_tball_Black_img_4.png.;Apple;23;1259;1320;1334;0.941231;303;-272;895
Mix_3d_apple_tball_Black_img_4.png.;Apple;24;1006;1022;1112;0.728741;-272;-525;387
Mix_3d_apple_tball_Black_img_4.png.;Apple;25;1450;1382;1384;0.985441;307;-81;624
Mix_3d_apple_tball_Black_img_5.png.;Tennis_ball;1;1488;1468;1465;1.046763;-502;-36;1865
Mix_3d_apple_tball_Black_img_5.png.;Apple;2;1434;1453;1455;1.036067;1;-90;1839
Mix_3d_apple_tball_Black_img_5.png.;Apple;3;1431;1440;1436;1.026798;481;-93;1813
Mix_3d_apple_tball_Black_img_5.png.;Apple;4;1484;1472;1468;1.049615;-500;-40;1549
Mix_3d_apple_tball_Black_img_5.png.;Apple;5;1462;1475;1477;1.051755;-2;-62;1562
Mix_3d_apple_tball_Black_img_5.png.;Apple;6;1456;1475;1476;1.051755;493;-68;1565
Mix_3d_apple_tball_Black_img_5.png.;Apple;7;1462;1472;1431;1.049615;-500;-62;1261
Mix_3d_apple_tball_Black_img_5.png.;Tennis_ball;8;1514;1491;1494;1.063163;-1;-10;1276
Mix_3d_apple_tball_Black_img_5.png.;Apple;9;1462;1478;1480;1.053894;489;-62;1257
Mix_3d_apple_tball_Black_img_5.png.;Apple;10;1475;1488;1490;1.061024;-502;-49;972
Mix_3d_apple_tball_Black_img_5.png.;Apple;11;1459;1478;1485;1.053894;-2;-65;949
Mix_3d_apple_tball_Black_img_5.png.;Apple;12;1450;1472;1474;1.049615;484;-74;954
Mix_3d_apple_tball_Black_img_5.png.;Apple;13;1514;1497;1499;1.067442;-509;-10;663
Mix_3d_apple_tball_Black_img_5.png.;Apple;14;1491;1494;1496;1.065303;-3;-33;668
Mix_3d_apple_tball_Black_img_5.png.;Tennis_ball;15;1504;1494;1494;1.065303;491;-20;667
Mix_3d_apple_tball_Black_img_5.png.;Apple;16;1212;1228;1395;0.87563;-200;-312;1702
Mix_3d_apple_tball_Black_img_5.png.;Apple;17;1217;1223;1467;0.872065;132;-307;1708
Mix_3d_apple_tball_Black_img_5.png.;Apple;18;1396;1414;1417;1.008258;-201;-128;1565
Mix_3d_apple_tball_Black_img_5.png.;Tennis_ball;19;995;1005;1082;0.716619;293;-529;1260
Mix_3d_apple_tball_Black_img_5.png.;Apple;20;1588;1117;1239;0.796481;-88;64;1042
Mix_3d_apple_tball_Black_img_5.png.;Apple;21;1481;1417;1409;1.010397;108;-43;1239
Mix_3d_apple_tball_Black_img_5.png.;Tennis_ball;22;1450;1257;1306;0.896309;-190;-74;833
Mix_3d_apple_tball_Black_img_5.png.;Apple;23;1269;1320;1336;0.941231;301;-255;896
Mix_3d_apple_tball_Black_img_5.png.;Apple;24;1006;1018;1126;0.725889;-271;-518;386
Mix_3d_apple_tball_Black_img_5.png.;Apple;25;1450;1388;1390;0.989719;308;-74;624
Mix_3d_apple_tball_Leaves_img_0.png.;Tennis_ball;1;1472;1459;1457;1.040346;-495;-42;1860
Mix_3d_apple_tball_Leaves_img_0.png.;Apple;2;1475;1462;1462;1.042485;2;-39;1849
Mix_3d_apple_tball_Leaves_img_0.png.;Apple;3;1425;1428;1399;1.018241;479;-89;1791
Mix_3d_apple_tball_Leaves_img_0.png.;Apple;4;1475;1475;1477;1.051755;-497;-39;1551
Mix_3d_apple_tball_Leaves_img_0.png.;Apple;5;1507;1481;1486;1.056033;-1;-7;1568
Mix_3d_apple_tball_Leaves_img_0.png.;Apple;6;1488;1478;1478;1.053894;496;-26;1567
Mix_3d_apple_tball_Leaves_img_0.png.;Apple;7;1472;1484;1490;1.058172;-499;-42;1270
Mix_3d_apple_tball_Leaves_img_0.png.;Tennis_ball;8;1450;1468;1473;1.046763;2;-64;1258
Mix_3d_apple_tball_Leaves_img_0.png.;Apple;9;1472;1497;1504;1.067442;495;-42;1270
Mix_3d_apple_tball_Leaves_img_0.png.;Apple;10;1507;1497;1500;1.067442;-504;-7;977
Mix_3d_apple_tball_Leaves_img_0.png.;Apple;11;1453;1478;1484;1.053894;0;-61;949
Mix_3d_apple_tball_Leaves_img_0.png.;Apple;12;1514;1497;1499;1.067442;494;0;969
Mix_3d_apple_tball_Leaves_img_0.png.;Apple;13;1472;1488;1490;1.061024;-505;-42;662
Mix_3d_apple_tball_Leaves_img_0.png.;Apple;14;1504;1507;1513;1.074572;-2;-10;673
Mix_3d_apple_tball_Leaves_img_0.png.;Tennis_ball;15;1514;1507;1510;1.074572;498;0;670
Mix_3d_apple_tball_Leaves_img_0.png.;Apple;16;1223;1232;1361;0.878482;-197;-291;1709
Mix_3d_apple_tball_Leaves_img_0.png.;Apple;17;1217;1219;1420;0.869213;134;-297;1701
Mix_3d_apple_tball_Leaves_img_0.png.;Apple;18;1428;1431;1438;1.02038;-200;-86;1582
Mix_3d_apple_tball_Leaves_img_0.png.;Tennis_ball;19;983;995;1084;0.709489;292;-531;1250
Mix_3d_apple_tball_Leaves_img_0.png.;Apple;20;1110;1113;1229;0.793629;-86;-404;1038
Mix_3d_apple_tball_Leaves_img_0.png.;Apple;21;1303;1357;1376;0.967614;106;-211;1191
Mix_3d_apple_tball_Leaves_img_0.png.;Tennis_ball;22;1195;1219;1276;0.869213;-181;-319;813
Mix_3d_apple_tball_Leaves_img_0.png.;Apple;23;1269;1355;1372;0.966188;312;-245;916
Mix_3d_apple_tball_Leaves_img_0.png.;Apple;24;1005;1018;1148;0.725889;-270;-509;386
Mix_3d_apple_tball_Leaves_img_0.png.;Apple;25;1422;1417;1420;1.010397;317;-92;636
Mix_3d_apple_tball_Leaves_img_1.png.;Tennis_ball;1;1475;1456;1456;1.038207;-495;-63;1858
Mix_3d_apple_tball_Leaves_img_1.png.;Apple;2;1434;1462;1463;1.042485;3;-104;1849
Mix_3d_apple_tball_Leaves_img_1.png.;Apple;3;1425;1428;1389;1.018241;477;-113;1791
Mix_3d_apple_tball_Leaves_img_1.png.;Apple;4;1494;1475;1475;1.051755;-497;-44;1552
Mix_3d_apple_tball_Leaves_img_1.png.;Apple;5;1465;1475;1480;1.051755;-1;-73;1562
Mix_3d_apple_tball_Leaves_img_1.png.;Apple;6;1462;1478;1480;1.053894;494;-76;1567
Mix_3d_apple_tball_Leaves_img_1.png.;Apple;7;1475;1484;1487;1.058172;-502;-63;1270
Mix_3d_apple_tball_Leaves_img_1.png.;Tennis_ball;8;1488;1484;1487;1.058172;-1;-50;1270
Mix_3d_apple_tball_Leaves_img_1.png.;Apple;9;1478;1497;1503;1.067442;495;-60;1270
Mix_3d_apple_tball_Leaves_img_1.png.;Apple;10;1504;1501;1501;1.070294;-506;-34;979
Mix_3d_apple_tball_Leaves_img_1.png.;Apple;11;1450;1478;1485;1.053894;-1;-88;949
Mix_3d_apple_tball_Leaves_img_1.png.;Apple;12;1462;1501;1503;1.070294;493;-76;972
Mix_3d_apple_tball_Leaves_img_1.png.;Apple;13;1481;1488;1488;1.061024;-506;-57;662
Mix_3d_apple_tball_Leaves_img_1.png.;Apple;14;1497;1501;1508;1.070294;-3;-41;671
Mix_3d_apple_tball_Leaves_img_1.png.;Tennis_ball;15;1491;1484;1488;1.058172;489;-47;663
Mix_3d_apple_tball_Leaves_img_1.png.;Apple;16;1219;1228;1275;0.87563;-199;-319;1704
Mix_3d_apple_tball_Leaves_img_1.png.;Apple;17;1217;1221;1452;0.870639;135;-321;1702
Mix_3d_apple_tball_Leaves_img_1.png.;Apple;18;1405;1434;1441;1.022519;-201;-133;1585
Mix_3d_apple_tball_Leaves_img_1.png.;Tennis_ball;19;980;995;1072;0.709489;292;-558;1249
Mix_3d_apple_tball_Leaves_img_1.png.;Apple;20;1106;1110;1229;0.79149;-86;-432;1034
Mix_3d_apple_tball_Leaves_img_1.png.;Apple;21;1300;1355;1372;0.966188;103;-238;1190
Mix_3d_apple_tball_Leaves_img_1.png.;Tennis_ball;22;1191;1215;1272;0.866361;-181;-347;810
Mix_3d_apple_tball_Leaves_img_1.png.;Apple;23;1259;1339;1358;0.954779;306;-279;908
Mix_3d_apple_tball_Leaves_img_1.png.;Apple;24;1006;1015;1126;0.72375;-269;-532;386
Mix_3d_apple_tball_Leaves_img_1.png.;Apple;25;1481;1425;1429;1.016102;318;-57;639
Mix_3d_apple_tball_Leaves_img_2.png.;Tennis_ball;1;1472;1462;1459;1.042485;-496;-59;1865
Mix_3d_apple_tball_Leaves_img_2.png.;Apple;2;1478;1459;1461;1.040346;2;-53;1845
Mix_3d_apple_tball_Leaves_img_2.png.;Apple;3;1428;1428;1403;1.018241;479;-103;1792
Mix_3d_apple_tball_Leaves_img_2.png.;Apple;4;1497;1475;1476;1.051755;-497;-34;1552
Mix_3d_apple_tball_Leaves_img_2.png.;Apple;5;1465;1478;1483;1.053894;1;-66;1564
Mix_3d_apple_tball_Leaves_img_2.png.;Apple;6;1465;1478;1482;1.053894;493;-66;1566
Mix_3d_apple_tball_Leaves_img_2.png.;Apple;7;1462;1478;1483;1.053894;-498;-69;1265
Mix_3d_apple_tball_Leaves_img_2.png.;Tennis_ball;8;1440;1475;1476;1.051755;1;-91;1262
Mix_3d_apple_tball_Leaves_img_2.png.;Apple;9;1484;1501;1504;1.070294;498;-47;1272
Mix_3d_apple_tball_Leaves_img_2.png.;Apple;10;1511;1504;1507;1.072433;-506;-20;980
Mix_3d_apple_tball_Leaves_img_2.png.;Apple;11;1450;1481;1488;1.056033;0;-81;950
Mix_3d_apple_tball_Leaves_img_2.png.;Apple;12;1481;1497;1500;1.067442;493;-50;969
Mix_3d_apple_tball_Leaves_img_2.png.;Apple;13;1491;1491;1493;1.063163;-506;-40;662
Mix_3d_apple_tball_Leaves_img_2.png.;Apple;14;1497;1504;1510;1.072433;-2;-34;671
Mix_3d_apple_tball_Leaves_img_2.png.;Tennis_ball;15;1504;1501;1503;1.070294;494;-27;668
Mix_3d_apple_tball_Leaves_img_2.png.;Apple;16;1230;1232;1426;0.878482;-197;-301;1708
Mix_3d_apple_tball_Leaves_img_2.png.;Apple;17;1215;1217;1448;0.867787;135;-316;1698
Mix_3d_apple_tball_Leaves_img_2.png.;Apple;18;1434;1434;1441;1.022519;-200;-97;1584
Mix_3d_apple_tball_Leaves_img_2.png.;Tennis_ball;19;985;995;1077;0.709489;292;-546;1249
Mix_3d_apple_tball_Leaves_img_2.png.;Apple;20;1108;1113;1240;0.793629;-86;-423;1036
Mix_3d_apple_tball_Leaves_img_2.png.;Apple;21;1305;1357;1379;0.967614;105;-226;1190
Mix_3d_apple_tball_Leaves_img_2.png.;Tennis_ball;22;1208;1230;1281;0.877056;-182;-323;819
Mix_3d_apple_tball_Leaves_img_2.png.;Apple;23;1259;1352;1368;0.964049;310;-272;914
Mix_3d_apple_tball_Leaves_img_2.png.;Apple;24;1001;1014;1113;0.723037;-269;-530;385
Mix_3d_apple_tball_Leaves_img_2.png.;Apple;25;1357;1414;1418;1.008258;315;-174;634
Mix_3d_apple_tball_Leaves_img_3.png.;Tennis_ball;1;1472;1462;1459;1.042485;-495;-39;1863
Mix_3d_apple_tball_Leaves_img_3.png.;Apple;2;1437;1462;1464;1.042485;3;-74;1848
Mix_3d_apple_tball_Leaves_img_3.png.;Apple;3;1428;1431;1406;1.02038;482;-83;1794
Mix_3d_apple_tball_Leaves_img_3.png.;Apple;4;1501;1472;1473;1.049615;-495;-10;1547
Mix_3d_apple_tball_Leaves_img_3.png.;Apple;6;1472;1481;1484;1.056033;497;-39;1569
Mix_3d_apple_tball_Leaves_img_3.png.;Apple;7;1475;1481;1485;1.056033;-497;-36;1268
Mix_3d_apple_tball_Leaves_img_3.png.;Apple;9;1472;1497;1503;1.067442;496;-39;1269
Mix_3d_apple_tball_Leaves_img_3.png.;Tennis_ball;8;1447;1475;1478;1.051755;2;-64;1262
Mix_3d_apple_tball_Leaves_img_3.png.;Apple;10;1504;1504;1505;1.072433;-505;-7;980
Mix_3d_apple_tball_Leaves_img_3.png.;Apple;11;1475;1481;1489;1.056033;1;-36;951
Mix_3d_apple_tball_Leaves_img_3.png.;Apple;12;1465;1504;1507;1.072433;497;-46;972
Mix_3d_apple_tball_Leaves_img_3.png.;Apple;13;1491;1488;1490;1.061024;-504;-20;661
Mix_3d_apple_tball_Leaves_img_3.png.;Apple;14;1488;1504;1509;1.072433;-2;-23;670
Mix_3d_apple_tball_Leaves_img_3.png.;Apple;16;1225;1230;1338;0.877056;-196;-286;1707
Mix_3d_apple_tball_Leaves_img_3.png.;Tennis_ball;15;1511;1504;1504;1.072433;498;0;669
Mix_3d_apple_tball_Leaves_img_3.png.;Apple;17;1217;1219;1437;0.869213;136;-294;1700
Mix_3d_apple_tball_Leaves_img_3.png.;Apple;18;1431;1437;1442;1.024659;-200;-80;1587
Mix_3d_apple_tball_Leaves_img_3.png.;Apple;5;1447;1475;1480;1.051755;1;-64;1561
Mix_3d_apple_tball_Leaves_img_3.png.;Tennis_ball;19;986;995;1085;0.709489;293;-525;1248
Mix_3d_apple_tball_Leaves_img_3.png.;Apple;20;1112;1115;1229;0.795055;-85;-399;1037
Mix_3d_apple_tball_Leaves_img_3.png.;Apple;21;1303;1344;1369;0.958345;105;-208;1180
Mix_3d_apple_tball_Leaves_img_3.png.;Tennis_ball;22;1206;1223;1274;0.872065;-182;-305;814
Mix_3d_apple_tball_Leaves_img_3.png.;Apple;23;1257;1347;1364;0.960484;310;-254;911
Mix_3d_apple_tball_Leaves_img_3.png.;Apple;24;999;1023;1132;0.729454;-271;-512;387
Mix_3d_apple_tball_Leaves_img_3.png.;Apple;25;1497;1422;1428;1.013963;318;-14;637
Mix_3d_apple_tball_Leaves_img_4.png.;Tennis_ball;1;1444;1462;1463;1.042485;-497;-87;1864
Mix_3d_apple_tball_Leaves_img_4.png.;Apple;2;1431;1456;1458;1.038207;2;-100;1842
Mix_3d_apple_tball_Leaves_img_4.png.;Apple;3;1425;1425;1400;1.016102;479;-106;1788
Mix_3d_apple_tball_Leaves_img_4.png.;Apple;4;1501;1478;1477;1.053894;-498;-30;1554
Mix_3d_apple_tball_Leaves_img_4.png.;Apple;5;1462;1478;1480;1.053894;0;-69;1566
Mix_3d_apple_tball_Leaves_img_4.png.;Apple;6;1472;1481;1483;1.056033;495;-59;1570
Mix_3d_apple_tball_Leaves_img_4.png.;Apple;7;1468;1481;1487;1.056033;-498;-63;1268
Mix_3d_apple_tball_Leaves_img_4.png.;Tennis_ball;8;1507;1497;1496;1.067442;1;-24;1281
Mix_3d_apple_tball_Leaves_img_4.png.;Apple;9;1472;1501;1506;1.070294;497;-59;1273
Mix_3d_apple_tball_Leaves_img_4.png.;Apple;10;1511;1504;1504;1.072433;-506;-20;981
Mix_3d_apple_tball_Leaves_img_4.png.;Apple;11;1450;1475;1484;1.051755;0;-81;948
Mix_3d_apple_tball_Leaves_img_4.png.;Apple;12;1494;1497;1498;1.067442;493;-37;969
Mix_3d_apple_tball_Leaves_img_4.png.;Apple;13;1491;1488;1491;1.061024;-505;-40;662
Mix_3d_apple_tball_Leaves_img_4.png.;Apple;14;1491;1501;1507;1.070294;-3;-40;671
Mix_3d_apple_tball_Leaves_img_4.png.;Tennis_ball;15;1488;1497;1500;1.067442;493;-43;668
Mix_3d_apple_tball_Leaves_img_4.png.;Apple;16;1221;1232;1368;0.878482;-198;-310;1711
Mix_3d_apple_tball_Leaves_img_4.png.;Apple;17;1212;1215;1351;0.866361;134;-319;1696
Mix_3d_apple_tball_Leaves_img_4.png.;Apple;18;1411;1434;1440;1.022519;-200;-120;1585
Mix_3d_apple_tball_Leaves_img_4.png.;Tennis_ball;19;985;995;1072;0.709489;292;-546;1250
Mix_3d_apple_tball_Leaves_img_4.png.;Apple;20;1101;1113;1229;0.793629;-86;-430;1038
Mix_3d_apple_tball_Leaves_img_4.png.;Apple;21;1300;1347;1369;0.960484;104;-231;1183
Mix_3d_apple_tball_Leaves_img_4.png.;Tennis_ball;22;1185;1212;1271;0.864221;-181;-346;809
Mix_3d_apple_tball_Leaves_img_4.png.;Apple;23;1259;1339;1361;0.954779;308;-272;908
Mix_3d_apple_tball_Leaves_img_4.png.;Apple;24;1501;1018;1117;0.725889;-270;-30;386
Mix_3d_apple_tball_Leaves_img_4.png.;Apple;25;1402;1417;1424;1.010397;317;-129;636
Mix_3d_apple_tball_Leaves_img_5.png.;Tennis_ball;1;1468;1462;1460;1.042485;-497;-49;1864
Mix_3d_apple_tball_Leaves_img_5.png.;Apple;2;1472;1459;1460;1.040346;0;-45;1846
Mix_3d_apple_tball_Leaves_img_5.png.;Apple;3;1428;1428;1409;1.018241;478;-89;1792
Mix_3d_apple_tball_Leaves_img_5.png.;Apple;4;1462;1475;1476;1.051755;-497;-55;1551
Mix_3d_apple_tball_Leaves_img_5.png.;Apple;5;1465;1478;1483;1.053894;-1;-52;1565
Mix_3d_apple_tball_Leaves_img_5.png.;Apple;6;1468;1478;1481;1.053894;494;-49;1566
Mix_3d_apple_tball_Leaves_img_5.png.;Apple;7;1475;1481;1486;1.056033;-501;-42;1269
Mix_3d_apple_tball_Leaves_img_5.png.;Tennis_ball;8;1472;1472;1473;1.049615;0;-45;1261
Mix_3d_apple_tball_Leaves_img_5.png.;Apple;9;1478;1497;1501;1.067442;494;-39;1270
Mix_3d_apple_tball_Leaves_img_5.png.;Apple;10;1501;1504;1505;1.072433;-507;-16;981
Mix_3d_apple_tball_Leaves_img_5.png.;Apple;11;1465;1475;1483;1.051755;-2;-52;948
Mix_3d_apple_tball_Leaves_img_5.png.;Apple;12;1504;1504;1505;1.072433;494;-13;972
Mix_3d_apple_tball_Leaves_img_5.png.;Apple;13;1494;1491;1494;1.063163;-507;-23;663
Mix_3d_apple_tball_Leaves_img_5.png.;Apple;14;1488;1507;1511;1.074572;-3;-29;672
Mix_3d_apple_tball_Leaves_img_5.png.;Tennis_ball;15;1497;1501;1503;1.070294;493;-20;669
Mix_3d_apple_tball_Leaves_img_5.png.;Apple;16;1225;1232;1309;0.878482;-199;-292;1709
Mix_3d_apple_tball_Leaves_img_5.png.;Apple;17;1215;1219;1450;0.869213;133;-302;1701
Mix_3d_apple_tball_Leaves_img_5.png.;Apple;18;1417;1440;1444;1.026798;-202;-100;1591
Mix_3d_apple_tball_Leaves_img_5.png.;Tennis_ball;19;982;995;1084;0.709489;292;-535;1248
Mix_3d_apple_tball_Leaves_img_5.png.;Apple;20;1106;1115;1221;0.795055;-87;-411;1040
Mix_3d_apple_tball_Leaves_img_5.png.;Apple;21;1305;1349;1374;0.96191;104;-212;1185
Mix_3d_apple_tball_Leaves_img_5.png.;Tennis_ball;22;1193;1208;1267;0.861369;-181;-324;807
Mix_3d_apple_tball_Leaves_img_5.png.;Apple;23;1264;1336;1361;0.95264;307;-253;906
Mix_3d_apple_tball_Leaves_img_5.png.;Apple;24;1005;1018;1117;0.725889;-271;-512;386
Mix_3d_apple_tball_Leaves_img_5.png.;Apple;25;1408;1414;1426;1.008258;315;-109;635
